{
  "model_type": "Multi-Target Calibration",
  "config": {
    "target_columns": [
      "pm25",
      "pm10",
      "no2"
    ],
    "target_weights": {
      "pm25": 0.3333333333333333,
      "pm10": 0.3333333333333333,
      "no2": 0.3333333333333333
    },
    "use_joint_calibration": true,
    "use_individual_calibration": true,
    "joint_alpha": 0.1,
    "individual_alpha": 0.1,
    "use_correlation_calibration": true,
    "correlation_threshold": 0.7,
    "use_ensemble_calibration": true,
    "ensemble_method": "weighted_average"
  },
  "training_time": 1.110595464706421,
  "target_metrics": {
    "pm25": {
      "mae": 7.877821763486526,
      "rmse": 9.92843507050348,
      "coverage": 0.8878689450642565,
      "interval_width": 31.55283182347093,
      "calibration_error": 0.012131054935743513
    },
    "pm10": {
      "mae": 10.781373964749944,
      "rmse": 13.081501362644502,
      "coverage": 0.8932354187261686,
      "interval_width": 41.32486847859275,
      "calibration_error": 0.006764581273831394
    },
    "no2": {
      "mae": 12.094968094648735,
      "rmse": 15.053680175681766,
      "coverage": 0.8669679423810196,
      "interval_width": 44.97811699288821,
      "calibration_error": 0.033032057618980426
    }
  },
  "multi_target_summary": {
    "targets": [
      "pm25",
      "pm10",
      "no2"
    ],
    "individual_calibrators": 3,
    "joint_calibrator": true,
    "correlation_matrix": [
      [
        1.0,
        1.0,
        0.9999999999999996
      ],
      [
        1.0,
        0.9999999999999999,
        1.0
      ],
      [
        0.9999999999999997,
        1.0,
        1.0
      ]
    ],
    "ensemble_weights": {
      "pm25": 0.4056718588325896,
      "pm10": 0.3097431742315235,
      "no2": 0.2845849669358869
    }
  }
}